-- Load data into airlines table
INSERT INTO Airlines (Flight_No, Airline, Week_Schedule) VALUES ('AA101', 'American Airlines', 'Mo,Tu,We,Th,Fr,Sa,Su');
INSERT INTO Airlines (Flight_No, Airline, Week_Schedule) VALUES ('AA102', 'American Airlines', 'Mo,We,Fr,Su');
INSERT INTO Airlines (Flight_No, Airline, Week_Schedule) VALUES ('AA103', 'American Airlines', 'Tu,Th,Sa');
INSERT INTO Airlines (Flight_No, Airline, Week_Schedule) VALUES ('AA104', 'American Airlines', 'Fr,Sa,Su');
INSERT INTO Airlines (Flight_No, Airline, Week_Schedule) VALUES ('AA105', 'American Airlines', 'Mo,Tu,We,Th');
INSERT INTO Airlines (Flight_No, Airline, Week_Schedule) VALUES ('AA106', 'American Airlines', 'Mo,Tu,We,Th,Fr,Sa,Su');
INSERT INTO Airlines (Flight_No, Airline, Week_Schedule) VALUES ('AA107', 'American Airlines', 'Mo,We,Fr,Su');
INSERT INTO Airlines (Flight_No, Airline, Week_Schedule) VALUES ('AA108', 'American Airlines', 'Tu,Th,Sa');
INSERT INTO Airlines (Flight_No, Airline, Week_Schedule) VALUES ('AA109', 'American Airlines', 'Fr,Sa,Su');
INSERT INTO Airlines (Flight_No, Airline, Week_Schedule) VALUES ('AA110', 'American Airlines', 'Mo,Tu,We,Th');
INSERT INTO Airlines (Flight_No, Airline, Week_Schedule) VALUES ('BA101', 'British Airways', 'Mo,Tu,We,Th,Fr,Sa,Su');
INSERT INTO Airlines (Flight_No, Airline, Week_Schedule) VALUES ('BA102', 'British Airways', 'Mo,We,Fr,Su');
INSERT INTO Airlines (Flight_No, Airline, Week_Schedule) VALUES ('BA103', 'British Airways', 'Tu,Th,Sa');
INSERT INTO Airlines (Flight_No, Airline, Week_Schedule) VALUES ('BA104', 'British Airways', 'Fr,Sa,Su');
INSERT INTO Airlines (Flight_No, Airline, Week_Schedule) VALUES ('BA105', 'British Airways', 'Mo,Tu,We,Th');
INSERT INTO Airlines (Flight_No, Airline, Week_Schedule) VALUES ('BA106', 'British Airways', 'Mo,Tu,We,Th,Fr,Sa,Su');
INSERT INTO Airlines (Flight_No, Airline, Week_Schedule) VALUES ('BA107', 'British Airways', 'Mo,We,Fr,Su');
INSERT INTO Airlines (Flight_No, Airline, Week_Schedule) VALUES ('BA108', 'British Airways', 'Tu,Th,Sa');
INSERT INTO Airlines (Flight_No, Airline, Week_Schedule) VALUES ('BA109', 'British Airways', 'Fr,Sa,Su');
INSERT INTO Airlines (Flight_No, Airline, Week_Schedule) VALUES ('BA110', 'British Airways', 'Mo,Tu,We,Th');
INSERT INTO Airlines (Flight_No, Airline, Week_Schedule) VALUES ('LF101', 'Lufthansa', 'Mo,Tu,We,Th,Fr,Sa,Su');
INSERT INTO Airlines (Flight_No, Airline, Week_Schedule) VALUES ('LF102', 'Lufthansa', 'Mo,We,Fr,Su');
INSERT INTO Airlines (Flight_No, Airline, Week_Schedule) VALUES ('LF103', 'Lufthansa', 'Tu,Th,Sa');
INSERT INTO Airlines (Flight_No, Airline, Week_Schedule) VALUES ('LF104', 'Lufthansa', 'Fr,Sa,Su');
INSERT INTO Airlines (Flight_No, Airline, Week_Schedule) VALUES ('LF105', 'Lufthansa', 'Mo,Tu,We,Th');
INSERT INTO Airlines (Flight_No, Airline, Week_Schedule) VALUES ('LF106', 'Lufthansa', 'Mo,Tu,We,Th,Fr,Sa,Su');
INSERT INTO Airlines (Flight_No, Airline, Week_Schedule) VALUES ('LF107', 'Lufthansa', 'Mo,We,Fr,Su');
INSERT INTO Airlines (Flight_No, Airline, Week_Schedule) VALUES ('LF108', 'Lufthansa', 'Tu,Th,Sa');
INSERT INTO Airlines (Flight_No, Airline, Week_Schedule) VALUES ('LF109', 'Lufthansa', 'Fr,Sa,Su');
INSERT INTO Airlines (Flight_No, Airline, Week_Schedule) VALUES ('LF110', 'Lufthansa', 'Mo,Tu,We,Th');
INSERT INTO Airlines (Flight_No, Airline, Week_Schedule) VALUES ('EM101', 'Emirates', 'Mo,Tu,We,Th,Fr,Sa,Su');
INSERT INTO Airlines (Flight_No, Airline, Week_Schedule) VALUES ('EM102', 'Emirates', 'Mo,We,Fr,Su');
INSERT INTO Airlines (Flight_No, Airline, Week_Schedule) VALUES ('EM103', 'Emirates', 'Tu,Th,Sa');
INSERT INTO Airlines (Flight_No, Airline, Week_Schedule) VALUES ('EM104', 'Emirates', 'Fr,Sa,Su');
INSERT INTO Airlines (Flight_No, Airline, Week_Schedule) VALUES ('EM105', 'Emirates', 'Mo,Tu,We,Th');
INSERT INTO Airlines (Flight_No, Airline, Week_Schedule) VALUES ('EM106', 'Emirates', 'Mo,Tu,We,Th,Fr,Sa,Su');
INSERT INTO Airlines (Flight_No, Airline, Week_Schedule) VALUES ('EM107', 'Emirates', 'Mo,We,Fr,Su');
INSERT INTO Airlines (Flight_No, Airline, Week_Schedule) VALUES ('EM108', 'Emirates', 'Tu,Th,Sa');
INSERT INTO Airlines (Flight_No, Airline, Week_Schedule) VALUES ('EM109', 'Emirates', 'Fr,Sa,Su');
INSERT INTO Airlines (Flight_No, Airline, Week_Schedule) VALUES ('EM110', 'Emirates', 'Mo,Tu,We,Th');

-- Load data into flight table
INSERT INTO Flight (Flight_No, Origin, Destination, Departure_time, Duration) VALUES ('AA101', 'Dallas', 'London', '2:00:00', '9:00:00');
INSERT INTO Flight (Flight_No, Origin, Destination, Departure_time, Duration) VALUES ('AA102', 'Dallas', 'Frankfurt', '14:00:00', '9:00:00');
INSERT INTO Flight (Flight_No, Origin, Destination, Departure_time, Duration) VALUES ('AA103', 'Dallas', 'Frankfurt', '14:00:00', '9:00:00');
INSERT INTO Flight (Flight_No, Origin, Destination, Departure_time, Duration) VALUES ('AA104', 'New York', 'Dubai', '11:00:00', '12:00:00');
INSERT INTO Flight (Flight_No, Origin, Destination, Departure_time, Duration) VALUES ('AA105', 'New York', 'Dubai', '11:00:00', '12:00:00');
INSERT INTO Flight (Flight_No, Origin, Destination, Departure_time, Duration) VALUES ('AA106', 'London', 'Dallas', '2:00:00', '9:00:00');
INSERT INTO Flight (Flight_No, Origin, Destination, Departure_time, Duration) VALUES ('AA107', 'Frankfurt', 'Dallas', '14:00:00', '9:00:00');
INSERT INTO Flight (Flight_No, Origin, Destination, Departure_time, Duration) VALUES ('AA108', 'Frankfurt', 'Dallas', '14:00:00', '9:00:00');
INSERT INTO Flight (Flight_No, Origin, Destination, Departure_time, Duration) VALUES ('AA109', 'Dubai', 'New York', '11:00:00', '12:00:00');
INSERT INTO Flight (Flight_No, Origin, Destination, Departure_time, Duration) VALUES ('AA110', 'Dubai', 'New York', '11:00:00', '12:00:00');
INSERT INTO Flight (Flight_No, Origin, Destination, Departure_time, Duration) VALUES ('BA101', 'London', 'Frankfurt', '4:00:00', '4:00:00');
INSERT INTO Flight (Flight_No, Origin, Destination, Departure_time, Duration) VALUES ('BA102', 'London', 'Delhi', '13:00:00', '9:00:00');
INSERT INTO Flight (Flight_No, Origin, Destination, Departure_time, Duration) VALUES ('BA103', 'London', 'Delhi', '13:00:00', '9:00:00');
INSERT INTO Flight (Flight_No, Origin, Destination, Departure_time, Duration) VALUES ('BA104', 'London', 'Dubai', '16:00:00', '6:30:00');
INSERT INTO Flight (Flight_No, Origin, Destination, Departure_time, Duration) VALUES ('BA105', 'London', 'Dubai', '16:00:00', '6:30:00');
INSERT INTO Flight (Flight_No, Origin, Destination, Departure_time, Duration) VALUES ('BA106', 'Frankfurt', 'London', '4:00:00', '4:00:00');
INSERT INTO Flight (Flight_No, Origin, Destination, Departure_time, Duration) VALUES ('BA107', 'Delhi', 'London', '13:00:00', '9:00:00');
INSERT INTO Flight (Flight_No, Origin, Destination, Departure_time, Duration) VALUES ('BA108', 'Delhi', 'London', '13:00:00', '9:00:00');
INSERT INTO Flight (Flight_No, Origin, Destination, Departure_time, Duration) VALUES ('BA109', 'Dubai', 'London', '16:00:00', '6:30:00');
INSERT INTO Flight (Flight_No, Origin, Destination, Departure_time, Duration) VALUES ('BA110', 'Dubai', 'London', '16:00:00', '6:30:00');
INSERT INTO Flight (Flight_No, Origin, Destination, Departure_time, Duration) VALUES ('LF101', 'Frankfurt', 'New York', '6:00:00', '8:00:00');
INSERT INTO Flight (Flight_No, Origin, Destination, Departure_time, Duration) VALUES ('LF102', 'Frankfurt', 'Delhi', '8:00:00', '8:00:00');
INSERT INTO Flight (Flight_No, Origin, Destination, Departure_time, Duration) VALUES ('LF103', 'Frankfurt', 'Delhi', '8:00:00', '8:00:00');
INSERT INTO Flight (Flight_No, Origin, Destination, Departure_time, Duration) VALUES ('LF104', 'Frankfurt', 'Dubai', '12:00:00', '5:00:00');
INSERT INTO Flight (Flight_No, Origin, Destination, Departure_time, Duration) VALUES ('LF105', 'Frankfurt', 'Dubai', '12:00:00', '5:00:00');
INSERT INTO Flight (Flight_No, Origin, Destination, Departure_time, Duration) VALUES ('LF106', 'New York', 'Frankfurt', '6:00:00', '8:00:00');
INSERT INTO Flight (Flight_No, Origin, Destination, Departure_time, Duration) VALUES ('LF107', 'Delhi', 'Frankfurt', '8:00:00', '8:00:00');
INSERT INTO Flight (Flight_No, Origin, Destination, Departure_time, Duration) VALUES ('LF108', 'Delhi', 'Frankfurt', '8:00:00', '8:00:00');
INSERT INTO Flight (Flight_No, Origin, Destination, Departure_time, Duration) VALUES ('LF109', 'Dubai', 'Frankfurt', '12:00:00', '5:00:00');
INSERT INTO Flight (Flight_No, Origin, Destination, Departure_time, Duration) VALUES ('LF110', 'Dubai', 'Frankfurt', '12:00:00', '5:00:00');
INSERT INTO Flight (Flight_No, Origin, Destination, Departure_time, Duration) VALUES ('EM101', 'Dubai', 'Dallas', '1:00:00', '12:00:00');
INSERT INTO Flight (Flight_No, Origin, Destination, Departure_time, Duration) VALUES ('EM102', 'Dubai', 'Delhi', '13:00:00', '5:00:00');
INSERT INTO Flight (Flight_No, Origin, Destination, Departure_time, Duration) VALUES ('EM103', 'Dubai', 'Delhi', '13:00:00', '5:00:00');
INSERT INTO Flight (Flight_No, Origin, Destination, Departure_time, Duration) VALUES ('EM104', 'Dubai', 'London', '10:00:00', '4:30:00');
INSERT INTO Flight (Flight_No, Origin, Destination, Departure_time, Duration) VALUES ('EM105', 'Dubai', 'London', '10:00:00', '4:30:00');
INSERT INTO Flight (Flight_No, Origin, Destination, Departure_time, Duration) VALUES ('EM106', 'Dallas', 'Dubai', '1:00:00', '12:00:00');
INSERT INTO Flight (Flight_No, Origin, Destination, Departure_time, Duration) VALUES ('EM107', 'Delhi', 'Dubai', '13:00:00', '5:00:00');
INSERT INTO Flight (Flight_No, Origin, Destination, Departure_time, Duration) VALUES ('EM108', 'Delhi', 'Dubai', '13:00:00', '5:00:00');
INSERT INTO Flight (Flight_No, Origin, Destination, Departure_time, Duration) VALUES ('EM109', 'London', 'Dubai', '10:00:00', '4:30:00');
INSERT INTO Flight (Flight_No, Origin, Destination, Departure_time, Duration) VALUES ('EM110', 'London', 'Dubai', '10:00:00', '4:30:00');

-- Load data into cost table
INSERT INTO Cost (Flight_No, Price, Class) VALUES ('AA101', 250.00, 'E');
INSERT INTO Cost (Flight_No, Price, Class) VALUES ('AA101', 710.00, 'B');
INSERT INTO Cost (Flight_No, Price, Class) VALUES ('AA102', 225.00, 'E');
INSERT INTO Cost (Flight_No, Price, Class) VALUES ('AA102', 700.00, 'B');
INSERT INTO Cost (Flight_No, Price, Class) VALUES ('AA103', 225.00, 'E');
INSERT INTO Cost (Flight_No, Price, Class) VALUES ('AA103', 700.00, 'B');
INSERT INTO Cost (Flight_No, Price, Class) VALUES ('AA104', 300.00, 'E');
INSERT INTO Cost (Flight_No, Price, Class) VALUES ('AA104', 820.00, 'B');
INSERT INTO Cost (Flight_No, Price, Class) VALUES ('AA105', 300.00, 'E');
INSERT INTO Cost (Flight_No, Price, Class) VALUES ('AA105', 820.00, 'B');
INSERT INTO Cost (Flight_No, Price, Class) VALUES ('AA106', 245.00, 'E');
INSERT INTO Cost (Flight_No, Price, Class) VALUES ('AA106', 705.00, 'B');
INSERT INTO Cost (Flight_No, Price, Class) VALUES ('AA107', 220.00, 'E');
INSERT INTO Cost (Flight_No, Price, Class) VALUES ('AA107', 695.00, 'B');
INSERT INTO Cost (Flight_No, Price, Class) VALUES ('AA108', 220.00, 'E');
INSERT INTO Cost (Flight_No, Price, Class) VALUES ('AA108', 695.00, 'B');
INSERT INTO Cost (Flight_No, Price, Class) VALUES ('AA109', 300.00, 'E');
INSERT INTO Cost (Flight_No, Price, Class) VALUES ('AA109', 820.00, 'B');
INSERT INTO Cost (Flight_No, Price, Class) VALUES ('AA110', 300.00, 'E');
INSERT INTO Cost (Flight_No, Price, Class) VALUES ('AA110', 820.00, 'B');
INSERT INTO Cost (Flight_No, Price, Class) VALUES ('BA101', 105.00, 'E');
INSERT INTO Cost (Flight_No, Price, Class) VALUES ('BA101', 330.00, 'B');
INSERT INTO Cost (Flight_No, Price, Class) VALUES ('BA102', 240.00, 'E');
INSERT INTO Cost (Flight_No, Price, Class) VALUES ('BA102', 330.00, 'B');
INSERT INTO Cost (Flight_No, Price, Class) VALUES ('BA103', 240.00, 'E');
INSERT INTO Cost (Flight_No, Price, Class) VALUES ('BA103', 680.00, 'B');
INSERT INTO Cost (Flight_No, Price, Class) VALUES ('BA104', 160.00, 'E');
INSERT INTO Cost (Flight_No, Price, Class) VALUES ('BA104', 400.00, 'B');
INSERT INTO Cost (Flight_No, Price, Class) VALUES ('BA105', 160.00, 'E');
INSERT INTO Cost (Flight_No, Price, Class) VALUES ('BA105', 400.00, 'B');
INSERT INTO Cost (Flight_No, Price, Class) VALUES ('BA106', 100.00, 'E');
INSERT INTO Cost (Flight_No, Price, Class) VALUES ('BA106', 325.00, 'B');
INSERT INTO Cost (Flight_No, Price, Class) VALUES ('BA107', 235.00, 'E');
INSERT INTO Cost (Flight_No, Price, Class) VALUES ('BA107', 675.00, 'B');
INSERT INTO Cost (Flight_No, Price, Class) VALUES ('BA108', 235.00, 'E');
INSERT INTO Cost (Flight_No, Price, Class) VALUES ('BA108', 675.00, 'B');
INSERT INTO Cost (Flight_No, Price, Class) VALUES ('BA109', 155.00, 'E');
INSERT INTO Cost (Flight_No, Price, Class) VALUES ('BA109', 395.00, 'B');
INSERT INTO Cost (Flight_No, Price, Class) VALUES ('BA110', 155.00, 'E');
INSERT INTO Cost (Flight_No, Price, Class) VALUES ('BA110', 395.00, 'B');
INSERT INTO Cost (Flight_No, Price, Class) VALUES ('LF101', 210.00, 'E');
INSERT INTO Cost (Flight_No, Price, Class) VALUES ('LF101', 650.00, 'B');
INSERT INTO Cost (Flight_No, Price, Class) VALUES ('LF102', 205.00, 'E');
INSERT INTO Cost (Flight_No, Price, Class) VALUES ('LF102', 640.00, 'B');
INSERT INTO Cost (Flight_No, Price, Class) VALUES ('LF103', 205.00, 'E');
INSERT INTO Cost (Flight_No, Price, Class) VALUES ('LF103', 640.00, 'B');
INSERT INTO Cost (Flight_No, Price, Class) VALUES ('LF104', 145.00, 'E');
INSERT INTO Cost (Flight_No, Price, Class) VALUES ('LF104', 280.00, 'B');
INSERT INTO Cost (Flight_No, Price, Class) VALUES ('LF105', 145.00, 'E');
INSERT INTO Cost (Flight_No, Price, Class) VALUES ('LF105', 280.00, 'B');
INSERT INTO Cost (Flight_No, Price, Class) VALUES ('LF106', 205.00, 'E');
INSERT INTO Cost (Flight_No, Price, Class) VALUES ('LF106', 645.00, 'B');
INSERT INTO Cost (Flight_No, Price, Class) VALUES ('LF107', 200.00, 'E');
INSERT INTO Cost (Flight_No, Price, Class) VALUES ('LF107', 635.00, 'B');
INSERT INTO Cost (Flight_No, Price, Class) VALUES ('LF108', 200.00, 'E');
INSERT INTO Cost (Flight_No, Price, Class) VALUES ('LF108', 635.00, 'B');
INSERT INTO Cost (Flight_No, Price, Class) VALUES ('LF109', 140.00, 'E');
INSERT INTO Cost (Flight_No, Price, Class) VALUES ('LF109', 275.00, 'B');
INSERT INTO Cost (Flight_No, Price, Class) VALUES ('LF110', 140.00, 'E');
INSERT INTO Cost (Flight_No, Price, Class) VALUES ('LF110', 275.00, 'B');
INSERT INTO Cost (Flight_No, Price, Class) VALUES ('EM101', 290.00, 'E');
INSERT INTO Cost (Flight_No, Price, Class) VALUES ('EM101', 805.00, 'B');
INSERT INTO Cost (Flight_No, Price, Class) VALUES ('EM102', 160.00, 'E');
INSERT INTO Cost (Flight_No, Price, Class) VALUES ('EM102', 350.00, 'B');
INSERT INTO Cost (Flight_No, Price, Class) VALUES ('EM103', 160.00, 'E');
INSERT INTO Cost (Flight_No, Price, Class) VALUES ('EM103', 350.00, 'B');
INSERT INTO Cost (Flight_No, Price, Class) VALUES ('EM104', 170.00, 'E');
INSERT INTO Cost (Flight_No, Price, Class) VALUES ('EM104', 370.00, 'B');
INSERT INTO Cost (Flight_No, Price, Class) VALUES ('EM105', 170.00, 'E');
INSERT INTO Cost (Flight_No, Price, Class) VALUES ('EM105', 370.00, 'B');
INSERT INTO Cost (Flight_No, Price, Class) VALUES ('EM106', 285.00, 'E');
INSERT INTO Cost (Flight_No, Price, Class) VALUES ('EM106', 800.00, 'B');
INSERT INTO Cost (Flight_No, Price, Class) VALUES ('EM107', 155.00, 'E');
INSERT INTO Cost (Flight_No, Price, Class) VALUES ('EM107', 345.00, 'B');
INSERT INTO Cost (Flight_No, Price, Class) VALUES ('EM108', 155.00, 'E');
INSERT INTO Cost (Flight_No, Price, Class) VALUES ('EM108', 345.00, 'B');
INSERT INTO Cost (Flight_No, Price, Class) VALUES ('EM109', 165.00, 'E');
INSERT INTO Cost (Flight_No, Price, Class) VALUES ('EM109', 365.00, 'B');
INSERT INTO Cost (Flight_No, Price, Class) VALUES ('EM110', 165.00, 'E');
INSERT INTO Cost (Flight_No, Price, Class) VALUES ('EM110', 365.00, 'B');

INSERT INTO UserInfo (UserName, Name_user, Password_MD5, Email, Phone, Date_created, Date_modified, Active) VALUES ('ekalgolas', 'Ekal Golas', 'password', 'ekalgolas@gmail.com', '469-3533-252', CURDATE(), CURDATE(), true);